k,aciertos,total,accuracy
1,66,72,91.66666666666666
2,67,72,93.05555555555556
3,69,72,95.83333333333334
4,69,72,95.83333333333334
5,69,72,95.83333333333334
7,70,72,97.22222222222221
10,71,72,98.61111111111111
