nivel_ruido,bits_afectados,aciertos,total,accuracy
0.0,0,66,72,91.66666666666666
5.0,1,64,72,88.88888888888889
10.0,2,62,72,86.11111111111111
15.0,3,58,72,80.55555555555556
20.0,4,42,72,58.333333333333336
25.0,5,33,72,45.83333333333333
30.0,6,15,72,20.833333333333336
