porcentaje,n_muestras,n_prototipos,aciertos,total,accuracy
25.0,71,71,64,72,88.88888888888889
50.0,143,143,66,72,91.66666666666666
75.0,214,214,67,72,93.05555555555556
100.0,286,286,66,72,91.66666666666666
