epsilon_factor,epsilon_real,aciertos,total,accuracy,promedio_iteraciones
0.1,0.0003484320557491289,66,72,91.66666666666666,20.0
1.0,0.003484320557491289,66,72,91.66666666666666,20.0
2.0,0.006968641114982578,3,72,4.166666666666666,20.0
5.0,0.017421602787456445,3,72,4.166666666666666,20.0
10.0,0.03484320557491289,3,72,4.166666666666666,20.0
