k,aciertos,total,accuracy
1,127,513,24.756335282651072
2,192,513,37.42690058479532
3,235,513,45.808966861598435
4,267,513,52.046783625730995
5,287,513,55.945419103313846
7,322,513,62.768031189083814
10,354,513,69.00584795321637
