nivel_ruido,bits_afectados,aciertos,total,accuracy
0.0,0,127,513,24.756335282651072
5.0,1,105,513,20.46783625730994
10.0,2,81,513,15.789473684210526
15.0,3,67,513,13.060428849902534
20.0,4,33,513,6.432748538011696
25.0,5,25,513,4.8732943469785575
30.0,6,17,513,3.313840155945419
