k,aciertos,total,accuracy
1,125,513,24.366471734892787
2,192,513,37.42690058479532
3,234,513,45.614035087719294
4,267,513,52.046783625730995
5,287,513,55.945419103313846
7,321,513,62.57309941520468
10,355,513,69.20077972709552
