nivel_ruido,bits_afectados,aciertos,total,accuracy
0.0,0,125,513,24.366471734892787
5.0,1,105,513,20.46783625730994
10.0,2,81,513,15.789473684210526
15.0,3,66,513,12.865497076023392
20.0,4,32,513,6.237816764132553
25.0,5,25,513,4.8732943469785575
30.0,6,17,513,3.313840155945419
