porcentaje,n_muestras,n_prototipos,aciertos,total,accuracy
25.0,512,512,104,513,20.2729044834308
50.0,1025,1025,103,513,20.077972709551656
75.0,1538,1538,136,513,26.510721247563353
100.0,2051,2051,125,513,24.366471734892787
