epsilon_factor,epsilon_real,aciertos,total,accuracy,promedio_iteraciones
0.1,4.873294346978558e-05,125,513,24.366471734892787,20.0
0.5,0.00024366471734892786,125,513,24.366471734892787,20.0
1.0,0.0004873294346978557,125,513,24.366471734892787,20.0
2.0,0.0009746588693957114,7,513,1.364522417153996,19.88888888888889
5.0,0.0024366471734892786,3,513,0.5847953216374269,20.0
10.0,0.004873294346978557,3,513,0.5847953216374269,20.0
