porcentaje,n_prototipos,accuracy
25.0,512,20.077972709551656
50.0,1025,20.077972709551656
75.0,1538,26.900584795321635
100.0,2051,24.756335282651072
